{
    "project": {
        "name": "Docs",
        "description": "Docs"
    },
    "files": {
        "..\\..\\polymer-collapse\\polymer-collapse.html": {
            "name": "..\\..\\polymer-collapse\\polymer-collapse.html",
            "modules": {
                "Polymer Elements": 1
            },
            "classes": {
                "polymer-collapse": 1
            },
            "fors": {},
            "namespaces": {}
        }
    },
    "modules": {
        "Polymer Elements": {
            "name": "Polymer Elements",
            "submodules": {},
            "classes": {
                "polymer-collapse": 1
            },
            "fors": {},
            "namespaces": {},
            "tag": "module",
            "file": "..\\..\\polymer-collapse\\polymer-collapse.html",
            "line": 10
        }
    },
    "classes": {
        "polymer-collapse": {
            "name": "polymer-collapse",
            "shortname": "polymer-collapse",
            "classitems": [],
            "plugins": [],
            "extensions": [],
            "plugin_for": [],
            "extension_for": [],
            "module": "Polymer Elements",
            "namespace": "",
            "file": "..\\..\\polymer-collapse\\polymer-collapse.html",
            "line": 10,
            "description": "polymer-collapse is used to add collapsible behavior to the\ntarget element.  It adjusts the height or width of the target element\nto make the element collapse and expand.\n\nExample:\n\n    <button on-click=\"{{toggle}}\">toggle collapse</button>\n    <div id=\"demo\">\n      ...\n    </div>\n    <polymer-collapse id=\"collapse\" targetId=\"demo\"></polymer-collapse>\n\n    ...\n\n    toggle: function() {\n      this.$.collapse.toggle();\n    }"
        }
    },
    "classitems": [
        {
            "file": "..\\..\\polymer-collapse\\polymer-collapse.html",
            "line": 48,
            "description": "The id of the target element.",
            "itemtype": "attribute",
            "name": "targetId",
            "type": "string",
            "default": "''",
            "class": "polymer-collapse",
            "module": "Polymer Elements"
        },
        {
            "file": "..\\..\\polymer-collapse\\polymer-collapse.html",
            "line": 56,
            "description": "The target element.",
            "itemtype": "attribute",
            "name": "target",
            "type": "object",
            "default": "null",
            "class": "polymer-collapse",
            "module": "Polymer Elements"
        },
        {
            "file": "..\\..\\polymer-collapse\\polymer-collapse.html",
            "line": 64,
            "description": "If true, the orientation is horizontal; otherwise is vertical.",
            "itemtype": "attribute",
            "name": "horizontal",
            "type": "boolean",
            "default": "false",
            "class": "polymer-collapse",
            "module": "Polymer Elements"
        },
        {
            "file": "..\\..\\polymer-collapse\\polymer-collapse.html",
            "line": 72,
            "description": "If true, the target element is hidden/collapsed.",
            "itemtype": "attribute",
            "name": "closed",
            "type": "boolean",
            "default": "false",
            "class": "polymer-collapse",
            "module": "Polymer Elements"
        },
        {
            "file": "..\\..\\polymer-collapse\\polymer-collapse.html",
            "line": 80,
            "description": "Collapsing/expanding animation duration in second.",
            "itemtype": "attribute",
            "name": "duration",
            "type": "number",
            "default": "0.33",
            "class": "polymer-collapse",
            "module": "Polymer Elements"
        },
        {
            "file": "..\\..\\polymer-collapse\\polymer-collapse.html",
            "line": 88,
            "description": "If true, the size of the target element is fixed and is set\non the element.  Otherwise it will try to \nuse auto to determine the natural size to use\nfor collapsing/expanding.",
            "itemtype": "attribute",
            "name": "fixedSize",
            "type": "boolean",
            "default": "false",
            "class": "polymer-collapse",
            "module": "Polymer Elements"
        },
        {
            "file": "..\\..\\polymer-collapse\\polymer-collapse.html",
            "line": 150,
            "description": "Toggle the closed state of the collapsible.",
            "itemtype": "method",
            "name": "toggle",
            "class": "polymer-collapse",
            "module": "Polymer Elements"
        }
    ],
    "warnings": []
}