{
  "name": "core-component-page",
  "private": true,
  "dependencies": {
    "webcomponentsjs": "Polymer/webcomponentsjs#master",
    "polymer": "Polymer/polymer#master"
  },
  "homepage": "https://github.com/Polymer/core-component-page",
  "_release": "f7e230c744",
  "_resolution": {
    "type": "branch",
    "branch": "master",
    "commit": "f7e230c744678a423e7901007e32ae4de1e63901"
  },
  "_source": "https://github.com/Polymer/core-component-page.git",
  "_target": "master",
  "_originalSource": "Polymer/core-component-page"
}