{
  "name": "polymer-selection",
  "private": true,
  "dependencies": {
    "polymer": "Polymer/polymer#^0.3.0"
  },
  "homepage": "https://github.com/Polymer/polymer-selection",
  "version": "0.3.0",
  "_release": "0.3.0",
  "_resolution": {
    "type": "version",
    "tag": "0.3.0",
    "commit": "0bc64b452756403c344447f745fbfef0246d954b"
  },
  "_source": "git://github.com/Polymer/polymer-selection.git",
  "_target": "^0.3.0",
  "_originalSource": "Polymer/polymer-selection"
}