{
  "name": "TemplateBinding",
  "homepage": "https://github.com/Polymer/TemplateBinding",
  "authors": [
    "The Polymer Authors"
  ],
  "dependencies": {
    "NodeBind": "Polymer/NodeBind#master",
    "observe-js": "Polymer/observe-js#master"
  },
  "devDependencies": {
    "web-component-tester": "Polymer/web-component-tester#^1.0.1"
  },
  "license": "BSD",
  "private": true,
  "ignore": [
    "**/.*",
    "node_modules",
    "bower_components",
    "test",
    "tests"
  ],
  "_release": "5f0b9b16d5",
  "_resolution": {
    "type": "branch",
    "branch": "master",
    "commit": "5f0b9b16d5d69b85ae4d34974d9e1a595063ecbe"
  },
  "_source": "https://github.com/Polymer/TemplateBinding.git",
  "_target": "master",
  "_originalSource": "Polymer/TemplateBinding"
}