{
  "name": "polymer-key-helper",
  "private": true,
  "dependencies": {
    "polymer": "Polymer/polymer#^0.3.0"
  },
  "homepage": "https://github.com/Polymer/polymer-key-helper",
  "version": "0.3.0",
  "_release": "0.3.0",
  "_resolution": {
    "type": "version",
    "tag": "0.3.0",
    "commit": "ea92fef2c40b067e12cd715a0fdc488a07c86dce"
  },
  "_source": "git://github.com/Polymer/polymer-key-helper.git",
  "_target": "^0.3.0",
  "_originalSource": "Polymer/polymer-key-helper"
}