{
  "name": "polymer-google-jsapi",
  "private": true,
  "dependencies": {
    "google-apis": "PolymerLabs/google-apis#^0.3.0"
  },
  "homepage": "https://github.com/Polymer/polymer-google-jsapi",
  "version": "0.3.0",
  "_release": "0.3.0",
  "_resolution": {
    "type": "version",
    "tag": "0.3.0",
    "commit": "ea0bbeba94190df2b0e5f455583c52bba0826036"
  },
  "_source": "git://github.com/Polymer/polymer-google-jsapi.git",
  "_target": "^0.3.0",
  "_originalSource": "Polymer/polymer-google-jsapi"
}