{
  "name": "observe-js",
  "homepage": "https://github.com/Polymer/observe-js",
  "authors": [
    "The Polymer Authors"
  ],
  "description": "A library for observing Arrays, Objects and PathValues",
  "main": "src/observe.js",
  "keywords": [
    "Object.observe"
  ],
  "license": "BSD",
  "private": true,
  "ignore": [
    "**/.*",
    "node_modules",
    "bower_components",
    "test",
    "tests"
  ],
  "_release": "061f240589",
  "_resolution": {
    "type": "branch",
    "branch": "master",
    "commit": "061f240589fda4d357a8e2ac23ebcf398915378b"
  },
  "_source": "https://github.com/Polymer/observe-js.git",
  "_target": "master",
  "_originalSource": "Polymer/observe-js"
}