{
  "name": "polymer-anchor-point",
  "private": true,
  "dependencies": {
    "polymer": "Polymer/polymer#^0.3.0"
  },
  "homepage": "https://github.com/Polymer/polymer-anchor-point",
  "version": "0.3.0",
  "_release": "0.3.0",
  "_resolution": {
    "type": "version",
    "tag": "0.3.0",
    "commit": "5422e5c67b155ede9744025873f2482493ec8411"
  },
  "_source": "git://github.com/Polymer/polymer-anchor-point.git",
  "_target": "^0.3.0",
  "_originalSource": "Polymer/polymer-anchor-point"
}