{
  "name": "polymer-mock-data",
  "private": true,
  "dependencies": {
    "polymer": "Polymer/polymer#^0.3.0"
  },
  "homepage": "https://github.com/Polymer/polymer-mock-data",
  "version": "0.3.0",
  "_release": "0.3.0",
  "_resolution": {
    "type": "version",
    "tag": "0.3.0",
    "commit": "238c806472635be399cababe1ff2aa5673bfa862"
  },
  "_source": "git://github.com/Polymer/polymer-mock-data.git",
  "_target": "^0.3.0",
  "_originalSource": "Polymer/polymer-mock-data"
}